STT,Card,Tên,MT,Type,Priority,Status,Ngày tạo,Done,Reopen,Người tạo,Người sửa,Column 13,Note,,,,,,,,,,,,,,,
1,ESD-6,Remote Control,Smart,Bug,High,Chưa thực hiện,18/04/2025,,,Linh,Quang,,,,,,,,,,,,,,,,,
2,ESD-8,Room đang chỉ chuyển sang danh sách Passed khi hết 60 phút,Smart,Bug,High,Ðã hoàn thành,18/04/2025,06/05/2025,,Linh,Quang,,,,,,,,,,,,,,,,,
3,ESD-9,"Hệ thống tự động lưu điểm khi chưa nhấn ""Send point"" – xảy ra ở tất cả loại câu hỏi",Smart,Bug,High,Ðã hoàn thành,18/04/2025,08/08/2025,,Linh,Quang,,,,,,,,,,,,,,,,,
16,ESD-29,Login,Smart,Bug,High,Ðã hoàn thành,18/04/2025,28/04/2025,,Linh,Quang,ESD-49,,,,,,,,,,,,,,,,
17,ESD-30,Login _ Remember me,Smart,Bug,High,Chưa thực hiện,18/04/2025,,,Linh,Quang,,,,,,,,,,,,,,,,,
27,ESD-50,Lỗi nút Play khi mở file MP4,Smart,Bug,High,Ðã hoàn thành,25/04/2025,07/05/2025,,Linh,Quang,,,,,,,,,,,,,,,,,
30,ESD-57,Ghi hình không được lưu khi user rời phòng mà không dừng ghi,Smart,Bug,High,Ðã hoàn thành,25/04/2025,13/05/2025,1,Linh,Quang,,7/5/2025,,,,,,,,,,,,,,,
43,ESD-90,Questions - Danh sách học sinh đang không tự sắp xếp lại theo điểm sau khi giáo viên chấm thủ công,Smart,Bug,High,Ðã hoàn thành,06/05/2025,05/06/2025,,Linh,Quang,,,,,,,,,,,,,,,,,
48,ESD-98,Participants - Học sinh không có micro nhưng trong danh sách Participants hiển thị là đang bật,Smart,Bug,High,Chưa thực hiện,07/05/2025,,,Linh,Quang,,,,,,,,,,,,,,,,,
50,ESD-106,Question - Cột “Points” hiển thị sai điểm – không hiện đúng điểm giáo viên đã chấm thủ công,Smart,Bug,High,Ðã hoàn thành,08/05/2025,19/05/2025,,Linh,Quang,,,,,,,,,,,,,,,,,
53,ESD-113,Divide groups - Giao diện Grid view bị lỗi khi chia lớn hơn 10 nhóm,Smart,Bug,High,Ðã hoàn thành,08/05/2025,13/08/2025,,Linh,Quang,,,,,,,,,,,,,,,,,
54,ESD-115,Divide groups - Modal Members of group,Smart,Bug,High,Chưa thực hiện,12/05/2025,,,Linh,Quang,,,,,,,,,,,,,,,,,
56,ESD-123,[Teacher] - Question,Smart,Bug,High,Ðã hoàn thành,16/05/2025,05/06/2025,,Linh,Quang,,,,,,,,,,,,,,,,,
59,ESD-127,Library - Trang bài tập bị trắng khi giáo viên vẽ lên slide,Smart,Bug,High,Ðã hoàn thành,21/05/2025,13/08/2025,,Linh,Quang,,,,,,,,,,,,,,,,,
65,ESD-134,[Teacher] - Không thể chuyển trang bảng sau khi vẽ bằng công cụ Draw (bao gồm nút Prev/Next),Smart,Bug,High,Ðã hoàn thành,26/05/2025,05/06/2025,,Linh,Quang,,,,,,,,,,,,,,,,,
66,ESD-137,Class map - Click vào thẻ học sinh đang không hiện dropdown các thao tác,Smart,Bug,High,Chưa thực hiện,02/06/2025,,,Linh,Quang,,,,,,,,,,,,,,,,,
71,ESD-150,Divide groups - Học sinh vào lại nhóm sau khi chia nhóm thì không hiển thị đúng bảng và bị mất quyền vẽ,Smart,Bug,High,Chưa thực hiện,18/06/2025,,,Linh,Quang,,,,,,,,,,,,,,,,,
81,ESD-172,[Speaking] Học sinh gửi bài nhưng không xuất hiện trong bảng kết quả giáo viên,Smart,Bug,High,Chưa thực hiện,14/07/2025,,,Linh,Quang,,,,,,,,,,,,,,,,,
85,ESD-176,"[Draw][Teacher] Giáo viên chuyển trang sau khi vẽ nhưng bị giữ nét cũ, không thể chuyển trang tiếp",Smart,Bug,High,Chờ deploy,15/07/2025,,,Linh,Quang,,,,,,,,,,,,,,,,,
86,ESD-177,[Divide groups] Giao diện giáo viên không cập nhật trạng thái chia/thoát nhóm nếu không reload trang,Smart,Bug,High,Chờ deploy,15/07/2025,,,Linh,Quang,,,,,,,,,,,,,,,,,
87,ESD-178,"[Draw] Giáo viên vẽ liên tục khoảng 3 phút thì bị lỗi RTCDataChannel, học sinh không nhận được nét vẽ tiếp theo",Smart,Bug,High,Chờ deploy,15/07/2025,,,Linh,Quang,,,,,,,,,,,,,,,,,
88,ESD-179,[Slide] Giáo viên mở slide bị lỗi — không hiển thị nội dung slide và báo lỗi TypeError,Smart,Bug,High,Chờ deploy,16/07/2025,,,Linh,Quang,,,,,,,,,,,,,,,,,
126,ESD-15,Chuyển màn sau khi Join Room thành công,Smart,Bug,High,Ðã hoàn thành,18/04/2025,25/04/2025,,Hoa,Quang,,,,,,,,,,,,,,,,,
129,ESD-24,Tắt modal Join Room,Smart,Bug,High,Đang thực hiện,18/04/2025,,,Hoa,Quang,,,,,,,,,,,,,,,,,
130,ESD-27,Textbox code Join Room,Smart,Bug,High,Ðã hoàn thành,18/04/2025,28/04/2025,,Hoa,Quang,,,,,,,,,,,,,,,,,
142,ESD-92,Hành vi tương tác khi click vào vùng văn bản / hình vẽ,Smart,Bug,High,Đang thực hiện,06/05/2025,,,Hoa,Quang,,,,,,,,,,,,,,,,,
166,ESD-181,HS không nhận được nét vẽ của GV trong quá trình reconnect ,Smart,Bug,High,Chờ test,21/07/2025,,,Hoa,Quang,,,,,,,,,,,,,,,,,
167,ESD-182,Lỗi đồng bộ hiển thị dữ liệu thời gian thực,Smart,Bug,High,Chờ test,21/07/2025,,,Hoa,Quang,,,,,,,,,,,,,,,,,
168,ESD-183,Học sinh vẫn có thể vẽ sau khi reconnect dù đã bị thu quyền vẽ trong thời gian mất mạng,Smart,Bug,High,Chờ test,21/07/2025,,,Hoa,Quang,,,,,,,,,,,,,,,,,
169,ESD-184,Học sinh reconnect không nhận đúng trạng thái bảng trắng sau khi giáo viên đã xóa,Smart,Bug,High,Chờ test,21/07/2025,,,Hoa,Quang,,,,,,,,,,,,,,,,,
170,ESD-185,Kịch bản 1 lỗi Học sinh reconnect không nhận bảng nhóm mới và thao tác vẽ không đồng bộ với thành viên trong nhóm,Smart,Bug,High,Chờ test,21/07/2025,,,Hoa,Quang,,,,,,,,,,,,,,,,,
171,ESD-186,Kịch bản 2 lỗi Học sinh reconnect không nhận bảng nhóm mới và thao tác vẽ không đồng bộ với thành viên trong nhóm ,Smart,Bug,High,Chờ test,21/07/2025,,,Hoa,Quang,,,,,,,,,,,,,,,,,
172,ESD-187,Giáo viên vào lại kênh chat bị mất lịch sử tin chat ,Smart,Bug,High,Ðã hoàn thành,31/07/2025,02/08/2025,,Linh,Quang,,,,,,,,,,,,,,,,,
173,ESD-188,Mở PDF bị trắng ,Smart,Bug,High,Ðã hoàn thành,02/08/2025,02/08/2025,,Linh,Quang,,,,,,,,,,,,,,,,,
174,ESD-189,Học sinh làm đúng câu nhưng chỉ được nửa điểm của câu đó,Smart,Bug,High,Ðã hoàn thành,01/08/2025,02/08/2025,,Linh,Quang,,,,,,,,,,,,,,,,,
175,ESD-190,Giáo viên Reviewing learner của HS có bài chưa làm gì thì bị lỗi,Smart,Bug,High,Chờ test,01/08/2025,,,Linh,Quang,,,,,,,,,,,,,,,,,
176,ESD-191,Mở Slide bị trắng ,Smart,Bug,High,Ðã hoàn thành,01/08/2025,03/08/2025,,Linh,Quang,,,,,,,,,,,,,,,,,
177,ESD-192,Bảng trắng của nhóm bị hiện sai khi giáo viên chia nhóm khi đang không ở board 1,Smart,Bug,High,Ðã hoàn thành,01/08/2025,03/08/2025,,Linh,Quang,,,,,,,,,,,,,,,,,
178,ESD-193,Giáo viên đang không nhận được sơ đồ học sinh,Smart,Bug,High,Ðã hoàn thành,01/08/2025,02/08/2025,,Linh,Quang,,,,,,,,,,,,,,,,,
180,ESD-195,"Khi thay đổi màu vẽ bằng bảng màu, nét vẽ không áp dụng màu mới ngay lập tức, cần phải chọn lại nét vẽ thì màu mới được cập nhật và áp dụng",Smart,Bug,High,Chưa thực hiện,01/08/2025,,,Hoa,Quang,,,,,,,,,,,,,,,,,
181,ESD-196,"Khi thay đổi độ dày nét vẽ trong bảng chọn Line width, độ dày nét không thay đổi ngay lập tức, cần phải chọn lại nét vẽ thì mới được cập nhật và áp dụng",Smart,Bug,High,Chưa thực hiện,01/08/2025,,,Hoa,Quang,,,,,,,,,,,,,,,,,
182,ESD-197,"Sau khi giáo viên xóa, giáo viên chuyển sang bảng khác rồi quay lại thì bảng bên học sinh vẫn hiện dữ liệu trước khi xóa của giáo viên",Smart,Bug,High,Ðã hoàn thành,01/08/2025,03/08/2025,,Đông,Quang,,,,,,,,,,,,,,,,,
183,ESD-198,"Nút Undo và Redo đang hoạt động không đúng, hiện tại sử dụng đang không đồng bộ giữa giáo viên và học sinh ",Smart,Bug,High,Ðã hoàn thành,01/08/2025,02/08/2025,,Hoa,Quang,,,,,,,,,,,,,,,,,
184,ESD-199,Thao tác kéo các hình pentool và shape tool chồng chéo nhau không đồng bộ giữa giáo viên và học sinh,Smart,Bug,High,Ðã hoàn thành,01/08/2025,03/08/2025,,Đông,Quang,,,,,,,,,,,,,,,,,
186,ESD-201,Máy học sinh không có mic nhưng icon mic hiện ở danh sách là bật,Smart,Bug,High,Chưa thực hiện,01/08/2025,,,Linh,Quang,,,,,,,,,,,,,,,,,
187,ESD-202,Đang không xổ ra dropdown khi giáo viên click vào,Smart,Bug,High,Chưa thực hiện,01/08/2025,,,Linh,Quang,,,,,,,,,,,,,,,,,
190,ESD-205,Canvas học sinh hiển thị sai sau khi giáo viên thoát và vào lại lớp,Smart,Bug,High,Ðã hoàn thành,01/08/2025,02/08/2025,,Hoa,Quang,,,,,,,,,,,,,,,,,
191,ESD-206,Học sinh vào nhóm group riêng thì vẫn hiện những tin nhắn ở nhóm chung,Smart,Bug,High,Thực hiện lại,01/08/2025,,1,Linh,Văn,,,,,,,,,,,,,,,,,
193,ESD-208,Chia từ 3 nhóm trở lên - Giáo viên không thấy được nét vẽ học sinh vẽ trước khi giáo viên join nhóm,Smart,Bug,High,Ðã hoàn thành,01/08/2025,03/08/2025,,Linh,Văn,,,,,,,,,,,,,,,,,
194,ESD-209,Vẽ lên Exercise lỗi,Smart,Bug,High,Ðã hoàn thành,01/08/2025,04/08/2025,,Linh,Quang,,,,,,,,,,,,,,,,,
196,ESD-211,Giáo viên thoát room ở trang 3 nhưng vào lại thì lại chuyển về trang 1 ,Smart,Bug,High,Chưa thực hiện,02/08/2025,,,Linh,Quang,,,,,,,,,,,,,,,,,
197,ESD-212,Học sinh có thể xóa được nội dung của giáo viên khi ấn xóa tất cả (icon thùng rác),Smart,Bug,High,Chưa thực hiện,08/08/2025,,,Vi,Quang,,,,,,,,,,,,,,,,,
200,ESD-215,"Sau khi dừng chia nhóm, học sinh không đồng bộ whiteboard với giáo viên – vẫn thấy nét vẽ cũ của nhóm",Smart,Bug,High,Chưa thực hiện,02/08/2025,,,Linh,Quang,,,,,,,,,,,,,,,,,
201,ESD-216, Không có viền chọn khi chọn kiểu chữ,Smart,Bug,High,Chưa thực hiện,07/08/2025,,,Linh,Quang,,,,,,,,,,,,,,,,,
203,ESD-219,Không đồng bộ bảng thu nhỏ với bảng to,Smart,Bug,High,Ðã hoàn thành,07/08/2025,18/08/2025,,Vi,Quang,,,,,,,,,,,,,,,,,
206,ESD-223,Chat – Giáo viên nhận tin nhắn đôi khi học sinh gửi trong nhóm chat chung,Smart,Bug,High,Chờ test,08/08/2025,,,Linh,Văn,,,,,,,,,,,,,,,,,
207,ESD-224,Chat – Tên người trong danh sách chat riêng bị hiển thị sai thành “Tên người nhận + Chat”,Smart,Bug,High,Chưa thực hiện,08/08/2025,,,Linh,Văn,,,,,,,,,,,,,,,,,
208,ESD-225,Chat – Học sinh vẫn ở trong giao diện chat nhóm riêng sau khi giáo viên stop group,Smart,Bug,High,Chờ test,08/08/2025,,,Linh,Văn,,,,,,,,,,,,,,,,,
209,ESD-226,HS được cấp quyền vẽ sau khi đang trong nhóm lớp này rồi thoát ra rồi tham gia vào lớp khác,Smart,Bug,High,Chưa thực hiện,08/08/2025,,,Vi,Quang,,,,,,,,,,,,,,,,,
210,ESD-227,Ấn next ở trang cuối vẫn tăng số trang vượt quá giới hạn,Smart,Bug,High,Ðã hoàn thành,08/08/2025,13/08/2025,,Vi,Quang,,,,,,,,,,,,,,,,,
212,ESD-222,Thumbnails ko trở lại 10 board sau khi GV tắt bài giảng hơn 10 board,Smart,Bug,High,Ðã hoàn thành,08/08/2025,13/08/2025,,Vi,Quang,,,,,,,,,,,,,,,,,
213,ESD-230,HS được cấp quyền vẽ khi vào lại lớp,Smart,Bug,High,Chưa thực hiện,11/08/2025,,,Vi,Quang,,,,,,,,,,,,,,,,,
214,ESD-231,"Bố cục giao diện lộn xộn khi ấn Tab/ Shift + tab liên tục đến ""Participants""",Smart,Bug,High,Chưa thực hiện,11/08/2025,,,Vi,Quang,,,,,,,,,,,,,,,,,
219,ESD-236,Không đồng bộ chuột khi GV sử dụng Remote control,Smart,Bug,High,Chưa thực hiện,12/08/2025,,,Vi,Quang,,,,,,,,,,,,,,,,,
222,ESD-239,[Draw] HS nhấn Shift và click chuột nhưng không chọn được nhiều đối tượng trên bảng,Smart,Bug,High,Chưa thực hiện,12/08/2025,,,Vi,Quang,,,,,,,,,,,,,,,,,
228,ESD-246,[Draw] GV xóa được trang slide khi nhấn xóa tất cả (icon thùng rác),Smart,Bug,High,Chưa thực hiện,15/08/2025,,,Vi,Quang,,,,,,,,,,,,,,,,,
6,ESD-13,Không bật được camera trong phòng dù đã cấp quyền và camera hoạt động bình thường,Smart,Bug,Highest,Ðã hoàn thành,18/04/2025,07/05/2025,,Linh,Quang,,,,,,,,,,,,,,,,,
7,ESD-14,Canvas điểm không hiển thị cho học sinh có 0 điểm sau khi giáo viên kết thúc bài tập,Smart,Bug,Highest,Thực hiện lại,18/04/2025,,1,Linh,Quang,,,,,,,,,,,,,,,,,
8,ESD-16,Camera - Lỗi Bật Camera Không Hiển Thị Thông Báo,Smart,Bug,Highest,Ðã hoàn thành,18/04/2025,25/04/2025,,Linh,Quang,,,,,,,,,,,,,,,,,
11,ESD-21,Participants - List,Smart,Bug,Highest,Ðã hoàn thành,18/04/2025,02/06/2025,,Linh,Quang,,,,,,,,,,,,,,,,,
13,ESD-23,"Speaking - Phiên âm không hiển thị đầy đủ khi chọn ""Check pronunciation""",Smart,Bug,Highest,Ðã hoàn thành,18/04/2025,,,Linh,Quang,,,,,,,,,,,,,,,,,
14,ESD-25,Canvas thông báo điểm không tự biến mất sau thao tác từ giáo viên,Smart,Bug,Highest,Ðã hoàn thành,18/04/2025,,1,Linh,Quang,TỰ ĐỘNG BIẾN MÂT SSAU 5S,Reopen1: 22/04,,,,,,,,,,,,,,,
15,ESD-26,"Lỗi khi nhấn ""Check Pronunciation All"" hoặc ""Send Pronunciation All""",Smart,Bug,Highest,Ðã hoàn thành,18/04/2025,28/04/2025,,Linh,Quang,,tính năng check all bỏ,,,,,,,,,,,,,,,
19,ESD-37,Check grammar không theo thứ tự danh sách bài nộp,Smart,Bug,Highest,Ðã hoàn thành,23/04/2025,,,Linh,Quang,,,,,,,,,,,,,,,,,
20,ESD-41,"Các Divide groups không được cấp bảng trắng mới, phải dùng chung bảng trắng của giáo viên",Smart,Bug,Highest,Ðã hoàn thành,24/04/2025,08/08/2025,,Linh,Quang,,,,,,,,,,,,,,,,,
21,ESD-42,Divide groups - Giáo viên không thấy được bảng trắng học sinh vẽ trước khi giáo viên tham gia,Smart,Bug,Highest,Ðã hoàn thành,25/04/2025,08/08/2025,,Linh,Quang,,,,,,,,,,,,,,,,,
22,ESD-43,Divide groups - Học sinh vẫn ở nhóm cũ dù giáo viên đã chuyển nhóm,Smart,Bug,Highest,Ðã hoàn thành,25/04/2025,08/08/2025,,Linh,Quang,,,,,,,,,,,,,,,,,
23,ESD-45,Học sinh vẫn có thể chọn lại đáp án sau khi đã submit câu hỏi Question,Smart,Bug,Highest,Ðã hoàn thành,25/04/2025,08/08/2025,,Linh,Quang,,,,,,,,,,,,,,,,,
24,ESD-46,"Học sinh không chọn đáp án nhưng vẫn click Submit, hiện message nhưng nút Submit bị disable",Smart,Bug,Highest,Ðã hoàn thành,25/04/2025,28/04/2025,,Linh,Quang,,,,,,,,,,,,,,,,,
25,ESD-47,Hệ thống đánh sai kết quả trong câu hỏi Fill in the Blank dù học sinh trả lời đúng,Smart,Bug,Highest,Ðã hoàn thành,25/04/2025,28/04/2025,1,Linh,Quang,,,,,,,,,,,,,,,,,
34,ESD-67,Ai là triệu phú - Results - Thêm cột Thứ tự (STT) và tự động sort danh sách theo Points từ cao xuống thấp,Smart,Task,Highest,Chưa thực hiện,25/04/2025,,,Linh,Quang,,,,,,,,,,,,,,,,,/
40,ESD-82,Speaking - Học sinh không record được ở câu hỏi Speaking lần 2,Smart,Bug,Highest,Ðã hoàn thành,06/05/2025,14/05/2025,,Linh,Quang,,,,,,,,,,,,,,,,,
46,ESD-96,"Speaking - Giáo viên click ""Gửi kết quả cho học sinh"" bị lỗi – console báo ""Message too large"" & lỗi hiển thị mã HTML thô ở phần phát âm",Smart,Bug,Highest,Ðã hoàn thành,07/05/2025,19/05/2025,1,Linh,Quang,,,,,,,,,,,,,,,,,
47,ESD-97,Check grammar - Bị lỗi Network response was not ok,Smart,Bug,Highest,Ðã hoàn thành,07/05/2025,,,Linh,Quang,,,,,,,,,,,,,,,,,
49,ESD-103,[SmartRoom]- Lỗi bất đồng bộ,Smart,Bug,Highest,Ðã hoàn thành,07/05/2025,14/05/2025,,Linh,Quang,,,,,,,,,,,,,,,,,
57,ESD-124,"Speaking - Check pronunciation:  Kết quả kiểm tra phát âm bị dính chữ, không có khoảng cách giữa các từ ",Smart,Bug,Highest,Chưa thực hiện,19/05/2025,,,Linh,Quang,,,,,,,,,,,,,,,,,
58,ESD-125,"Essay và Speaking: Giáo viên thoát và vào lại phòng không tự động kích hoạt lại tính năng ""Check pronunciation"" và ""Check grammar""",Smart,Bug,Highest,Chưa thực hiện,20/05/2025,,,Linh,Quang,,,,,,,,,,,,,,,,,
60,ESD-128,Library - Exersise: Công thức tính điểm sai sau nhiều lần Start exercise,Smart,Bug,Highest,Chưa thực hiện,21/05/2025,,,Linh,Quang,,,,,,,,,,,,,,,,,
68,ESD-140,[Teacher] - Divide groups: Không hiển thị đúng khung bảng khi giáo viên truy cập nhóm đã chia,Smart,Bug,Highest,Chưa thực hiện,09/06/2025,,,Linh,Quang,,,,,,,,,,,,,,,,,
76,ESD-167,[Audio] Thanh tiến trình audio không đồng bộ 0s khi mới mở,Smart,Bug,Highest,Chưa thực hiện,14/07/2025,,,Linh,Quang,,,,,,,,,,,,,,,,,
225,ESD-242,Lỗi 404 khi giáo viên upload file trong Smart Room,Smart,Bug,Highest,Ðã hoàn thành,13/08/2025,,,Linh,Quang,,,,,,,,,,,,,,,,,
226,ESD-244,Lỗi đồng bộ khi giáo viên mở slide – một số máy học sinh không hiển thị,Smart,Bug,Highest,Ðã hoàn thành,13/08/2025,,,Linh,Quang,,Lỗi do 2 máy dùng trung tài khoản,,,,,,,,,,,,,,,
227,ESD-245,Lỗi khi học sinh bắt đầu làm slide được giao hoặc chuyển trang – console báo lỗi Cannot read properties of undefined (reading 'id'),Smart,Bug,Highest,Ðã hoàn thành,13/08/2025,,,Linh,Quang,,,,,,,,,,,,,,,,,
230,ESD-248,GV tạo câu hỏi khi đang mở slide nhưng câu hỏi ko hiển thị bên HS,Smart,Bug,Highest,Chờ deploy,15/08/2025,,,Vi,Quang,,,,,,,,,,,,,,,,,
231,ESD-249,Tab Camera bên GV đồng bộ với Slide chiếu trên bảng,Smart,Bug,Highest,Ðã hoàn thành,15/08/2025,19/08/2025,,Vi,Quang,,,,,,,,,,,,,,,,,
232,ESD-250,Không đồng bộ trang với slide khi GV cho HS làm bài,Smart,Bug,Highest,Chưa thực hiện,15/08/2025,,,Vi,Quang,,,,,,,,,,,,,,,,,
233,ESD-251,HS không được vẽ dù GV đã cấp quyền vẽ,Smart,Bug,Highest,Ðã hoàn thành,19/08/2025,20/08/2025,,Vi,Quang,,,,,,,,,,,,,,,,,
234,ESD-252,GV cho điểm nhóm nhưng bên HS không hiển thị điểm,Smart,Bug,Highest,Chưa thực hiện,19/08/2025,,,Vi,Quang,,,,,,,,,,,,,,,,,
44,ESD-93,Question - Placeholder trong ô nhập đáp án không thay đổi theo ngôn ngữ,Smart,Bug,Low,Ðã hoàn thành,06/05/2025,15/05/2025,,Linh,Quang,,,,,,,,,,,,,,,,,
45,ESD-94,"Question - Nút ""Add answer"" không bị disable khi đã đủ 10 đáp án",Smart,Bug,Low,Ðã hoàn thành,06/05/2025,15/05/2025,,Linh,Quang,,,,,,,,,,,,,,,,,
140,ESD-89,Kiểm tra sắp xếp thẻ phòng ,Smart,Bug,Low,Chưa thực hiện,06/05/2025,,,Hoa,Quang,,,,,,,,,,,,,,,,,
223,ESD-240,"GV tạo câu hỏi mới nhưng HS vẫn hiển thị thông báo ""Please select one correct answer"" từ câu hỏi trước",Smart,Bug,Low,Chưa thực hiện,12/08/2025,,,Vi,Quang,,,,,,,,,,,,,,,,,
4,ESD-10,Upload file + Transfer file,Smart,Bug,Medium,Ðã hoàn thành,18/04/2025,08/08/2025,,Linh,Quang,,,,,,,,,,,,,,,,,
5,ESD-12,Nút “Download all” đang không tải toàn bộ file như mong đợi,Smart,Bug,Medium,Ðã hoàn thành,18/04/2025,08/08/2025,1,Linh,Quang,,Reopen1: 22/04,,,,,,,,,,,,,,,
9,ESD-17,Modal Participants hiển thị sai và không đóng khi click lại,Smart,Bug,Medium,Ðã hoàn thành,18/04/2025,25/04/2025,,Linh,Quang,,,,,,,,,,,,,,,,,
10,ESD-20,"Create Room - Checkbox ""Is recording"" có thể được click khi click vào vùng của div.form-check, không chỉ riêng checkbox hoặc label",Smart,Bug,Medium,Ðã hoàn thành,18/04/2025,21/04/2025,,Linh,Quang,,,,,,,,,,,,,,,,,
12,ESD-22,Lỗi hiển thị đường dẫn file khi di chuyển phần tử chứa thẻ <a>,Smart,Bug,Medium,Ðã hoàn thành,18/04/2025,25/04/2025,,Linh,Quang,,,,,,,,,,,,,,,,,
18,ESD-33,"Nội dung văn bản trong modal ""Invite learners""",Smart,Bug,Medium,Ðã hoàn thành,21/04/2025,,,Linh,Quang,,,,,,,,,,,,,,,,,
26,ESD-49,Login - Error Border khi các trường bị báo lỗi,Smart,Bug,Medium,Chưa thực hiện,25/04/2025,,,Linh,Quang,,,,,,,,,,,,,,,,,
28,ESD-51,[Teacher] - Stopwatch không lưu giá trị nếu nhập số xong không nhấn Enter,Smart,Bug,Medium,Ðã hoàn thành,25/04/2025,08/08/2025,,Linh,Quang,,,,,,,,,,,,,,,,,
29,ESD-52,[Teacher] - Stopwatch: Ô nhập thời gian cho phép nhập các ký tự không hợp lệ như .-+e,Smart,Bug,Medium,Ðã hoàn thành,25/04/2025,08/08/2025,,Linh,Quang,,,,,,,,,,,,,,,,,
31,ESD-58,"[Teacher]Không thể cuộn trang khi trình chiếu file PDF trong room, chỉ chuyển được từng trang một",Smart,Bug,Medium,Chưa thực hiện,25/04/2025,,,Linh,Quang,,,,,,,,,,,,,,,,,
32,ESD-64,"Giáo viên không click được nút ""Bắt đầu"" khi bật lại slide Ai là triệu phú sau khi out phòng.",Smart,Bug,Medium,Ðã hoàn thành,25/04/2025,13/05/2025,,Linh,Quang,,,,,,,,,,,,,,,,,
33,ESD-66,Ai là triệu phú - sửa text,Smart,Bug,Medium,Ðã hoàn thành,25/04/2025,12/05/2025,,Linh,Quang,,,,,,,,,,,,,,,,,
35,ESD-72,"Divide groups - Disable nút ""Add group"" khi số nhóm bằng số thành viên để tránh lỗi ""Split groups error""",Smart,Bug,Medium,Ðã hoàn thành,28/04/2025,12/12/2025,,Linh,Quang,,,,,,,,,,,,,,,,,
36,ESD-74,"""Divide Groups"" - Thanh tìm kiếm không hoạt động và giao diện không rõ ràng",Smart,Bug,Medium,Chưa thực hiện,28/04/2025,,,Linh,Quang,,,,,,,,,,,,,,,,,
37,ESD-75,"Divide groups - Popup ""Move to"" không ẩn khi click ra ngoài",Smart,Bug,Medium,Chưa thực hiện,28/04/2025,,,Linh,Quang,,,,,,,,,,,,,,,,,
38,ESD-76,"Divide groups - Popup ""Move to"" bị che mất góc khi hiển thị danh sách nhóm dài",Smart,Bug,Medium,Chưa thực hiện,28/04/2025,,,Linh,Quang,,,,,,,,,,,,,,,,,
39,ESD-77,"Tính năng sửa tên nhóm chưa hoạt động trong ""Divide Groups""",Smart,Bug,Medium,Ðã hoàn thành,28/04/2025,,,Linh,Quang,,,,,,,,,,,,,,,,,
41,ESD-87,"Lỗi hiển thị ô ""Gửi điểm"" khi đáp án câu hỏi dạng Fill in the Blank quá dài",Smart,Bug,Medium,Ðã hoàn thành,06/05/2025,15/05/2025,,Linh,Quang,,,,,,,,,,,,,,,,,
42,ESD-88,"Question - Hiển thị đầy đủ tất cả đáp án (A, B, C...) cho câu hỏi trong giao diện chấm bài của giáo viên",Smart,Task,Medium,Ðã hoàn thành,06/05/2025,16/05/2025,,Linh,Quang,,,,,,,,,,,,,,,,,
51,ESD-111,Modal đang có thể bị đóng khi click vào vùng mờ (trên/dưới modal),Smart,Bug,Medium,Chưa thực hiện,08/05/2025,,,Linh,Quang,,,,,,,,,,,,,,,,,
52,ESD-112,"Divide groups - Popup menu  ""Join room"" và ""Exit"" không ẩn khi click ra ngoài",Smart,Bug,Medium,Chưa thực hiện,08/05/2025,,,Linh,Quang,,,,,,,,,,,,,,,,,
55,ESD-119,Thumbnail bị lỗi khi bật slide Ai là triệu phú,Smart,Bug,Medium,Chưa thực hiện,13/05/2025,,,Linh,Quang,,,,,,,,,,,,,,,,,
61,ESD-129,Library - Giao diện Result không tương thích với Dark Mode,Smart,Bug,Medium,Chưa thực hiện,21/05/2025,,,Linh,Quang,,,,,,,,,,,,,,,,,
62,ESD-130,Divide groups - Avatar không hiển thị ở giao diện chia nhóm,Smart,Bug,Medium,Chưa thực hiện,23/05/2025,,,Linh,Quang,,,,,,,,,,,,,,,,,
63,ESD-131,Avatar không hiển thị ở nhiều màn hình,Smart,Bug,Medium,Chưa thực hiện,23/05/2025,,,Linh,Quang,,,,,,,,,,,,,,,,,
64,ESD-132,Divide groups - Chưa hiện đúng tên nhóm (tên nhóm đã chỉnh sửa),Smart,Bug,Medium,Chưa thực hiện,26/05/2025,,,Linh,Quang,,,,,,,,,,,,,,,,,
67,ESD-139,[Teacher] - Question màn Result,Smart,Bug,Medium,Ðã hoàn thành,05/06/2025,11/08/2025,,Linh,Quang,,,,,,,,,,,,,,,,,
69,ESD-146,Library- Hiện danh sách file ảnh ,Smart,Bug,Medium,Chưa thực hiện,16/06/2025,,,Linh,Quang,,,,,,,,,,,,,,,,,
70,ESD-147,Transfer file - Chức năng Transfer file bị giới hạn định dạng – Không cho phép upload đầy đủ các loại file cần thiết,Smart,Bug,Medium,Chưa thực hiện,16/06/2025,,,Linh,Quang,,,,,,,,,,,,,,,,,
72,ESD-163,[Reconnect][Image] Học sinh vẫn thấy ảnh cũ sau khi reconnect dù giáo viên đã tắt ảnh,Smart,Bug,Medium,Chưa thực hiện,14/07/2025,,,Linh,Quang,,,,,,,,,,,,,,,,,
73,ESD-164,[Reconnect][Video] Học sinh reconnect bị trễ khi đang xem video do bị load 2 lần,Smart,Bug,Medium,Chưa thực hiện,14/07/2025,,,Linh,Quang,,,,,,,,,,,,,,,,,
74,ESD-165,[Reconnect][Video] Học sinh không đồng bộ thời gian khi giáo viên tua video lúc mất mạng,Smart,Bug,Medium,Chưa thực hiện,14/07/2025,,,Linh,Quang,,,,,,,,,,,,,,,,,
75,ESD-166,[Reconnect][Video] Học sinh vẫn thấy video sau khi reconnect dù giáo viên đã tắt,Smart,Bug,Medium,Chưa thực hiện,14/07/2025,,,Linh,Quang,,,,,,,,,,,,,,,,,
77,ESD-168,[Reconnect][Audio] Icon audio hiển thị sai sau reconnect dù đã dừng phát,Smart,Bug,Medium,Chưa thực hiện,14/07/2025,,,Linh,Quang,,,,,,,,,,,,,,,,,
78,ESD-169,[Reconnect][Audio] Học sinh vẫn thấy audio sau khi reconnect dù giáo viên đã tắt,Smart,Bug,Medium,Chưa thực hiện,14/07/2025,,,Linh,Quang,,,,,,,,,,,,,,,,,
79,ESD-170,[Reconnect][PDF] Học sinh hiển thị sai trang hoặc không hiển thị PDF sau reconnect,Smart,Bug,Medium,Chưa thực hiện,14/07/2025,,,Linh,Quang,,,,,,,,,,,,,,,,,
80,ESD-171,[Reconnect][Questions] Học sinh vẫn thấy câu hỏi sau reconnect dù giáo viên đã tắt,Smart,Bug,Medium,Chưa thực hiện,14/07/2025,,,Linh,Quang,,,,,,,,,,,,,,,,,
82,ESD-173,[Reconnect][Share screen] Học sinh vẫn thấy màn hình chia sẻ sau reconnect dù giáo viên đã tắt,Smart,Bug,Medium,Chưa thực hiện,14/07/2025,,,Linh,Quang,,,,,,,,,,,,,,,,,
83,ESD-174,[Reconnect][Divide groups] Học sinh reconnect nhưng vẫn ở group cũ sau khi giáo viên đã đổi nhóm,Smart,Bug,Medium,Chưa thực hiện,14/07/2025,,,Linh,Quang,,,,,,,,,,,,,,,,,
84,ESD-175,"[Reconnect][Divide groups] Học sinh mất mạng khi đang vẽ, reconnect xong vẽ tiếp nhưng không ai thấy",Smart,Bug,Medium,Chưa thực hiện,14/07/2025,,,Linh,Quang,,,,,,,,,,,,,,,,,
89,ESD-180,"Exercise - Học sinh bật sudio trong BT, tắt đi đang không mất hiển thị",Smart,Bug,Medium,Chưa thực hiện,18/07/2025,,,Linh,Quang,,,,,,,,,,,,,,,,,
90,ESD-149,[SR- School] [ Remove learner] - Hiển thị thông báo lỗi nhưng vẫn xóa học sinh,Smart,Bug,Medium,Chưa thực hiện,18/06/2025,,,Đào ,Quang,,,,,,,,,,,,,,,,,
91,ESD-121,[SR][Share screen-Screen] Màn hình chưa chuyển ngôn ngữ về tiếng Việt,Smart,Bug,Medium,Ðã hoàn thành,14/04/2025,02/06/2025,,Đào ,Quang,,,,,,,,,,,,,,,,,
92,ESD-120,[SR][ Chat - Files] - Hiển thị thông báo upload thành công nhưng lại không hiển thị trong danh sách khi có 11 tệp,Smart,Bug,Medium,Chưa thực hiện,14/04/2025,,,Đào ,Quang,,,,,,,,,,,,,,,,,
93,ESD-116,[SR-Teacher] - [Board] - Vẽ hình và thoát ra vào lại bảng thu nhỏ không lưu lại hình vẽ,Smart,Bug,Medium,Chưa thực hiện,05/12/2025,,,Đào ,Quang,,,,,,,,,,,,,,,,,
94,ESD-110,"[SR-Teacher][Participant-UI] - Từ ngữ không phù hợp & Context menu ở chế độ Dark mode hiển thị với màu nền trùng với nền phía sau , khiến tùy chọn khó nhìn",Smart,Bug,Medium,Ðã hoàn thành,08/05/2025,19/05/2025,,Đào ,Quang,,,,,,,,,,,,,,,,,
95,ESD-109,"[SR-Teacher][Participant-Remote Control] - GV có truy cập vào được màn hình học sinh, but lại không thao tác được trên màn hình học sinh.",Smart,Bug,Medium,Chưa thực hiện,05/08/2025,,,Đào ,Quang,,,,,,,,,,,,,,,,,
96,ESD-104,[SR-Teacher][Tools- Draw] - GV không vẽ được khi click icon Home để out ra và vào lại,Smart,Bug,Medium,Ðã hoàn thành,07/05/2025,02/06/2025,,Đào ,Quang,,,,,,,,,,,,,,,,,
97,ESD-102,[SR-Teacher][Content-History] - History khi chuyển về chế độ tối ( Dark mode),Smart,Bug,Medium,Ðã hoàn thành,07/05/2025,19/05/2025,,Đào ,Quang,,,,,,,,,,,,,,,,,
98,ESD-101,[SR- Teacher][Content]- Chuyển tiếng việt nhưng History không đổi,Smart,Bug,Medium,Ðã hoàn thành,07/05/2025,15/05/2025,,Đào ,Quang,,,,,,,,,,,,,,,,,
99,ESD-100,[SR-Teacher][Content- Upload]-Không upload được nhiều file & Ảnh đầu bị thay thế.,Smart,Bug,Medium,Chưa thực hiện,05/07/2025,,,Đào ,Quang,,,,,,,,,,,,,,,,,
100,ESD-99,"[SR-Teacher][Content- Library] - Không xóa được dữ liệu vừa nhập khi click ""x"" ở thanh tìm kiếm",Smart,Bug,Medium,Chưa thực hiện,05/07/2025,,,Đào ,Quang,,,,,,,,,,,,,,,,,
101,ESD-95,[SR- Teacher]- [Content- Share screen] - Thiếu màn Smart room khi click vào Application,Smart,Bug,Medium,Ðã hoàn thành,07/05/2025,22/05/2025,,Đào ,Quang,,,,,,,,,,,,,,,,,
102,ESD-84,[SR-Teacher][Class map-Devide groups]- Nhập topic quá 255 kí tự không báo lỗi,Smart,Bug,Medium,Ðã hoàn thành,06/05/2025,12/05/2025,,Đào ,Quang,,,,,,,,,,,,,,,,,
103,ESD-83,[SR-Teacher][ Class map- Devide group] - Hiển thị sai placeholder ở ô number of groups,Smart,Bug,Medium,Chưa thực hiện,05/06/2025,,,Đào ,Quang,,,,,,,,,,,,,,,,,
104,ESD-80,[SR-Teacher][Class map-Devide groups]- Màn hình giao diện bị lỗi không hiển thị được tên học sinh,Smart,Bug,Medium,Ðã hoàn thành,05/05/2025,15/05/2025,,Đào ,Quang,,,,,,,,,,,,,,,,,
105,ESD-79,[SR-Teacher][Class map- Send chart] - Chữ và màu nền không trùng nhau,Smart,Bug,Medium,Ðã hoàn thành,05/05/2025,15/05/2025,,Đào ,Quang,,,,,,,,,,,,,,,,,
106,ESD-78,[SR- Teacher][Class map- Settings] - Hiển thị sai trật tự ngữ pháp,Smart,Bug,Medium,Ðã hoàn thành,05/05/2025,15/05/2025,,Đào ,Quang,,,,,,,,,,,,,,,,,
107,ESD-73,[SR-Teacher][Tools - Transfer file] - Tệp PNG tải lên bị chuyển thành tệp .web khi tải xuống.,Smart,Bug,Medium,Ðã hoàn thành,28/04/2025,02/06/2025,,Đào ,Quang,,,,,,,,,,,,,,,,,
108,ESD-71,[SR-Teacher][Tools - Transfer file]- Khi click chỉ sắp xếp tăng không sắp xếp giảm,Smart,Bug,Medium,Ðã hoàn thành,28/04/2025,02/06/2025,,Đào ,Quang,,,,,,,,,,,,,,,,,
109,ESD-70,[SR-Teacher][Tools - Transfer file]- Không chọn người nhận nhưng vẫn confirm thành công,Smart,Bug,Medium,Chờ test,28/04/2025,,,Đào ,Quang,,,,,,,,,,,,,,,,,
110,ESD-69,[SR-Teacher][Tools - Transfer file]-3. Vẫn cho upload file không đúng định dạng,Smart,Bug,Medium,Ðã hoàn thành,28/04/2025,02/06/2025,,Đào ,Quang,,,,,,,,,,,,,,,,,
111,ESD-62,[SR- Learner] [Setting] Thiếu màn Smart room khi click vào Application,Smart,Bug,Medium,Ðã hoàn thành,26/04/2025,02/06/2025,,Đào ,Quang,,,,,,,,,,,,,,,,,
112,ESD-61,[SR-Learner] [Setting]- Màu sắc chữ cùng với màu viền trắng khi select dẫn tới không nhìn thấy chữ khi select màn hình,Smart,Bug,Medium,Ðã hoàn thành,26/04/2025,28/04/2025,,Đào ,Quang,,,,,,,,,,,,,,,,,
113,ESD-60,[SR-Learner] [Setting]- Thông báo chưa phù hợp & không xác định được màn hình đã chọn,Smart,Bug,Medium,Ðã hoàn thành,26/04/2025,02/06/2025,,Đào ,Quang,,,,,,,,,,,,,,,,,
114,ESD-54,[SR-Learner] [Setting]- Màu sắc chữ không nhìn thấy khi ở chế độ tối,Smart,Bug,Medium,Ðã hoàn thành,26/04/2025,28/04/2025,,Đào ,Quang,,,,,,,,,,,,,,,,,
115,ESD-48,[SR-Learner][Chat] - Màu chữ đen cũng màu với nền dẫn đến khó quan sát,Smart,Bug,Medium,Ðã hoàn thành,25/04/2025,28/04/2025,,Đào ,Quang,,,,,,,,,,,,,,,,,
116,ESD-44,[SR-Learner] -[Paticipants] - Khi chuyển sang chế độ tối tìm kiếm ở Participant không hiên thị kính lúp & màu chữ thông báo nhạt,Smart,Bug,Medium,Ðã hoàn thành,25/04/2025,02/06/2025,,Đào ,Quang,,,,,,,,,,,,,,,,,
117,ESD-40,[SR][Learner] - Chat - Tin nhắn bị lỗi tràn viền và không hiển thị đầy đủ,Smart,Bug,Medium,Ðã hoàn thành,24/04/2025,26/04/2025,,Đào ,Quang,,,,,,,,,,,,,,,,,
118,ESD-39,"[Grammar] [Learner] Không mất thông báo"" không được để trống"" khi GV tạo bài mới",Smart,Bug,Medium,Ðã hoàn thành,24/04/2025,02/06/2025,,Đào ,Quang,,,,,,,,,,,,,,,,,
119,ESD-38,[SR-Learner] -[Chat] Kiểm tra trạng thái online/offline ở Chat không đúng & Tiêu đề Chat không đổi khi Eng -> Vie,Smart,Bug,Medium,Thực hiện lại,24/04/2025,,,Đào ,Quang,,,,,,,,,,,,,,,,,
120,ESD-36,[Smart room] -[Learner] - Hệ thống không tự động loại bỏ khoảng trắng và không trả về kết quả,Smart,Bug,Medium,Ðã hoàn thành,22/04/2025,26/04/2025,,Đào ,Quang,,,,,,,,,,,,,,,,,
121,ESD-35,"[SR][Learner] - Participants- Hiển thị nhưng màu chữ quá nhạt , Nội dung chưa phù hợp, Icon Kính lúp không hoạt động",Smart,Bug,Medium,Ðã hoàn thành,21/04/2025,26/04/2025,,Đào ,Quang,,,,,,,,,,,,,,,,,
122,ESD-34,[Smart room] -[Learner] Giao diện Participants không đóng lại hoàn toàn khi click vào icon,Smart,Bug,Medium,Ðã hoàn thành,21/04/2025,26/04/2025,,Đào ,Quang,,,,,,,,,,,,,,,,,
123,ESD-32,[SR][Learner] - Classes - Có 2 section nghĩa không phù hợp,Smart,Bug,Medium,Ðã hoàn thành,18/04/2025,26/04/2025,,Đào ,Quang,,,,,,,,,,,,,,,,,
124,ESD-31,[Smart room] -[Learner] Khi chuyển sang tiếng việt - chữ ở màn Dashboard không thay đổi,Smart,Bug,Medium,Ðã hoàn thành,18/04/2025,26/04/2025,,Đào ,Quang,,,,,,,,,,,,,,,,,
125,ESD-11,Learner - Draw (chưa được cấp quyền),Smart,Bug,Medium,Ðã hoàn thành,18/04/2025,21/04/2025,,Hoa,Quang,,,,,,,,,,,,,,,,,
127,ESD-18,Drawing Toolbar - Move Toolbar Handle,Smart,Bug,Medium,Thực hiện lại,18/04/2025,,3,Hoa,Quang,,,,,,,,,,,,,,,,,
128,ESD-19,Join Room khi thời gian học của phòng đã kết thúc,Smart,Bug,Medium,Ðã hoàn thành,18/04/2025,28/04/2025,,Hoa,Quang,,,,,,,,,,,,,,,,,
131,ESD-28,Hover effect + Focus outline + Active state,Smart,Bug,Medium,Ðã hoàn thành,18/04/2025,26/05/2025,2,Hoa,Quang,,,,,,,,,,,,,,,,,
132,ESD-53,Drawing Toolbar - Text Tool,Smart,Bug,Medium,Thực hiện lại,25/04/2025,,1,Hoa,Quang,,,,,,,,,,,,,,,,,
133,ESD-55,Questions - Result,Smart,Task,Medium,Chưa thực hiện,26/04/2025,,,Hoa,Quang,,,,,,,,,,,,,,,,,
134,ESD-56,Questions input,Smart,Bug,Medium,Ðã hoàn thành,26/04/2025,07/05/2025,,Hoa,Quang,,,,,,,,,,,,,,,,,
135,ESD-59,"Teacher | Delete Answer - Single choice question, Multiple choice question",Smart,Bug,Medium,Ðã hoàn thành,26/04/2025,12/05/2025,1,Hoa,Quang,,,,,,,,,,,,,,,,,
136,ESD-65,"Drawing Toolbar - Tạo, nhập Text Tool",Smart,Bug,Medium,Chưa thực hiện,26/04/2025,,,Hoa,Quang,,,,,,,,,,,,,,,,,
137,ESD-81,Teacher | Create room - Lỗi xử lý phím Enter - Kích hoạt hành động Confirm sai,Smart,Bug,Medium,Thực hiện lại,06/05/2025,,1,Hoa,Quang,,,,,,,,,,,,,,,,,
138,ESD-85,Màn hình hiển thị thẻ phòng khi thu nhỏ màn hình,Smart,Bug,Medium,Chưa thực hiện,06/05/2025,,,Hoa,Quang,,,,,,,,,,,,,,,,,
139,ESD-86,Kiểm tra trạng thái focus khi điều hướng bằng phím Tab / Shift + Tab,Smart,Bug,Medium,Chưa thực hiện,06/05/2025,,,Hoa,Quang,,,,,,,,,,,,,,,,,
141,ESD-91,Out room - Không chuyển về tab tương ứng khi thời gian học kết thúc,Smart,Bug,Medium,Chưa thực hiện,06/05/2025,,,Hoa,Quang,,,,,,,,,,,,,,,,,
143,ESD-105,Thanh công cụ vẽ bị tràn khỏi giao diện khi thu nhỏ màn hình,Smart,Bug,Medium,Chưa thực hiện,08/05/2025,,,Hoa,Quang,,,,,,,,,,,,,,,,,
144,ESD-107,Resize textbox không hoạt động đúng,Smart,Bug,Medium,Chưa thực hiện,08/05/2025,,,Hoa,Quang,,,,,,,,,,,,,,,,,
145,ESD-108,"Lỗi hiển thị khi vẽ mũi tên 1 chiều, 2 chiều",Smart,Bug,Medium,Chưa thực hiện,08/05/2025,,,Hoa,Quang,,,,,,,,,,,,,,,,,
146,ESD-114,Teacher | Chế độ Dark mode - Class map config,Smart,Bug,Medium,Thực hiện lại,09/05/2025,,1,Hoa,Quang,,,,,,,,,,,,,,,,,
147,ESD-117,Teacher | Cải thiện hiển thị thông báo lỗi khi các trường bị bỏ trống trong modal tạo Question ,Smart,Task,Medium,Chưa thực hiện,12/05/2025,,,Hoa,Quang,,,,,,,,,,,,,,,,,
148,ESD-118,Teacher | Nút Cancel tại modal tạo Question,Smart,Bug,Medium,Ðã hoàn thành,12/05/2025,20/05/2025,,Hoa,Quang,,,,,,,,,,,,,,,,,
149,ESD-126,Teacher | Thông báo lỗi khi tạo câu hỏi không hợp lệ (English / Tiếng Việt),Smart,Bug,Medium,Chưa thực hiện,20/05/2025,,,Hoa,Quang,,,,,,,,,,,,,,,,,
150,ESD-133,Delete không đúng thứ tự,Smart,Bug,Medium,Pending,26/05/2025,,,Hoa,Quang,,,,,,,,,,,,,,,,,
151,ESD-135,Learner | Thanh công cụ vẽ không tự động tắt khi chuyển sang thao tác khác,Smart,Bug,Medium,Chưa thực hiện,28/05/2025,,,Hoa,Quang,,,,,,,,,,,,,,,,,
152,ESD-141,Teacher | Lỗi chấm điểm ,Smart,Bug,Medium,Chưa thực hiện,09/06/2025,,,Hoa,Quang,,,,,,,,,,,,,,,,,
153,ESD-145,Learner | Modal Answer question bị che khuất bởi ảnh trên canvas,Smart,Bug,Medium,Chưa thực hiện,11/06/2025,,,Hoa,Quang,,,,,,,,,,,,,,,,,
154,ESD-151,Lỗi công cụ vẽ Pen tool,Smart,Bug,Medium,Chưa thực hiện,20/06/2025,,,Hoa,Quang,,,,,,,,,,,,,,,,,
155,ESD-152,Lỗi thay đổi độ dày nét ,Smart,Bug,Medium,Chưa thực hiện,20/06/2025,,,Hoa,Quang,,,,,,,,,,,,,,,,,
156,ESD-153,Lỗi thay đổi màu tại các nét vẽ,Smart,Bug,Medium,Chưa thực hiện,20/06/2025,,,Hoa,Quang,,,,,,,,,,,,,,,,,
157,ESD-154,Lỗi kết hợp đổi màu và độ dày khi vẽ,Smart,Bug,Medium,Chưa thực hiện,20/06/2025,,,Hoa,Quang,,,,,,,,,,,,,,,,,
158,ESD-155,Hình vẽ chưa có giới hạn kích thước,Smart,Bug,Medium,Chưa thực hiện,20/06/2025,,,Hoa,Quang,,,,,,,,,,,,,,,,,
159,ESD-156,Lỗi không phản hồi trực tiếp khi resize hình,Smart,Bug,Medium,Chưa thực hiện,20/06/2025,,,Hoa,Quang,,,,,,,,,,,,,,,,,
160,ESD-157,Nút Undo trên thanh công cụ vẽ không hoàn tác được thao tác resize hình,Smart,Bug,Medium,Chưa thực hiện,20/06/2025,,,Hoa,Quang,,,,,,,,,,,,,,,,,
161,ESD-158,Task cải tiến UI - Cải thiện hiển thị các nút trên thanh công cụ vẽ,Smart,Task,Medium,Chưa thực hiện,20/06/2025,,,Hoa,Quang,,,,,,,,,,,,,,,,,
162,ESD-159,Tính ổn định khi click bật/tắt camera liên tục,Smart,Bug,Medium,Chưa thực hiện,20/06/2025,,,Hoa,Quang,,,,,,,,,,,,,,,,,
163,ESD-160,Lỗi xử lý trạng thái lọc không rõ ràng,Smart,Bug,Medium,Chưa thực hiện,20/06/2025,,,Hoa,Quang,,,,,,,,,,,,,,,,,
164,ESD-161,Lỗi hiển thị trạng thái của microphone,Smart,Bug,Medium,Chưa thực hiện,20/06/2025,,,Hoa,Quang,,,,,,,,,,,,,,,,,
165,ESD-162,Không giới hạn chiều cao danh sách file - các file bị lấp sau nút Download all,Smart,Bug,Medium,Chưa thực hiện,20/06/2025,,,Hoa,Quang,,,,,,,,,,,,,,,,,
179,ESD-194,"Khi vẽ không hiển thị các thao tác ở bên thumbnails, phải click sang bảng khác rồi click lại bảng đó thì mới cập nhật dữ  liệu",Smart,Bug,Medium,Chưa thực hiện,01/08/2025,,,Đông,Quang,,,,,,,,,,,,,,,,,
185,ESD-200,"GV và HS bật cam, HS đang bị lấy cam của GV",Smart,Bug,Medium,Chưa thực hiện,01/08/2025,,,Đào ,Quang,,,,,,,,,,,,,,,,,
188,ESD-203,Copy/Paste: Thao tác dán tạo ra hai đối tượng thay vì một đối tượng,Smart,Bug,Medium,Ðã hoàn thành,01/08/2025,02/08/2025,,Hoa,Quang,,,,,,,,,,,,,,,,,
189,ESD-204,"Đang không tự biến mất, HS phải tự click để ẩn canvas",Smart,Bug,Medium,Ðã hoàn thành,01/08/2025,03/08/2025,,Linh,Quang,,,,,,,,,,,,,,,,,
192,ESD-207,"Lưu video record và xem lại, chỉ nghe tiếng HS, không nghe tiếng GV",Smart,Bug,Medium,Chưa thực hiện,01/08/2025,,,Đào ,Quang,,,,,,,,,,,,,,,,,
195,ESD-210,"Thumbnails và bảng trắng chỉ hiển thị 1 bảng sau khi mở Slide, mất các bảng tương ứng – xảy ra ở cả giáo viên và học sinh",Smart,Bug,Medium,Chưa thực hiện,01/08/2025,,,Linh,Quang,,,,,,,,,,,,,,,,,
198,ESD-213,Giáo viên đổi tên file nhưng khi transfer (gửi/đính kèm) thì hệ thống vẫn hiển thị tên file cũ.,Smart,Bug,Medium,Chưa thực hiện,02/08/2025,,,Đào ,Quang,,,,,,,,,,,,,,,,,
199,ESD-214,Exit group hoạt động chưa đúng ,Smart,Bug,Medium,Chưa thực hiện,02/08/2025,,,Hoa,Quang,,,,,,,,,,,,,,,,,
202,ESD-217,Thanh công cụ vẽ không tắt đi sẽ đè lên giao diện các chức năng khác,Smart,Bug,Medium,Chưa thực hiện,07/08/2025,,,Vi,Quang,,,,,,,,,,,,,,,,,
204,ESD-220,Hover chuột vào các icon trong thanh công cụ vẽ nhưng ko đổi màu,Smart,Bug,Medium,Chưa thực hiện,07/08/2025,,,Vi,Quang,,,,,,,,,,,,,,,,,
205,ESD-221,Nhấn chọn chức năng trong thanh công cụ vẽ nhưng không đổi màu,Smart,Bug,Medium,Chưa thực hiện,08/08/2025,,,Vi,Quang,,,,,,,,,,,,,,,,,
211,ESD-229,Vẫn nhập được số khi đồng hồ chạy,Smart,Bug,Medium,Chưa thực hiện,08/08/2025,,,Vi,Quang,,,,,,,,,,,,,,,,,
215,ESD-232,Nhấn tab Invite lần nữa không đóng pop-up mà tự chuyển sang tab Participants,Smart,Bug,Medium,Chưa thực hiện,11/08/2025,,,Vi,Quang,,,,,,,,,,,,,,,,,
216,ESD-233,"Thanh tab (Invite, Participants, Chat) bị flexible, kéo dài sang trái khi mở Participants hoặc Chat",Smart,Bug,Medium,Chưa thực hiện,11/08/2025,,,Vi,Quang,,,,,,,,,,,,,,,,,
217,ESD-234,Thanh công cụ và nút home (icon ngôi nhà) bị lệch sang trái khi ấn Participants,Smart,Bug,Medium,Chưa thực hiện,11/08/2025,,,Vi,Quang,,,,,,,,,,,,,,,,,
218,ESD-235,Màn hình hiển thị bài giảng của HS to hơn so với màn hình hiển thị của GV,Smart,Bug,Medium,Chưa thực hiện,11/08/2025,,,Vi,Quang,,,,,,,,,,,,,,,,,
220,ESD-237,Ô nhập trang cho phép nhập ký tự + - và sau khi nhập số thì ko chuyển trang,Smart,Bug,Medium,Chưa thực hiện,12/08/2025,,,Vi,Quang,,,,,,,,,,,,,,,,,
224,ESD-241,HS khi nhấn xóa tất cả (Icon thùng rác) slide cũng bị xóa,Smart,Bug,Medium,Chưa thực hiện,12/08/2025,,,Vi,Quang,,,,,,,,,,,,,,,,,
229,ESD-247,GV vẫn mở được Video khi đang ở dạng bút vẽ,Smart,Bug,Medium,Chưa thực hiện,15/08/2025,,,Vi,Quang,,,,,,,,,,,,,,,,,
,ESD-255,"[School] - Không hiển thị thông báo khi nhấn whiteboard để thoát màn slide	",School,Bug,Medium,Chưa thực hiện,04/09/2025,,,Đào ,Quang,,,,,,,,,,,,,,,,,
,ESD-256,[School] Exercise → Start/Report → tab Preview Questions,School,Bug,High,Chưa thực hiện,04/09/2025,,,Linh,Quang,,,,,,,,,,,,,,,,,
,ESD-257,Không tắt thống kê thì khi assign lần 2 thì hiện lại thống kê cũ,School,Bug,High,Chưa thực hiện,05/09/2025,,,Vi,Quang,,,,,,,,,,,,,,,,,
,ESD-258,ALTP Bảng tóm tắt không hiển thị đáp án đúng sai,School,Bug,High,Chưa thực hiện,05/09/2025,,,Vi,Quang,,,,,,,,,,,,,,,,,
,ESD-259,Thống kê tiến độ của game Capypara hiển thị sai,School,Bug,High,Chưa thực hiện,05/09/2025,,,Vi,Quang,,,,,,,,,,,,,,,,,
,ESD-260,GV ko lưu state,School,Bug,High,Chưa thực hiện,09/09/2025,,,Vi,Văn,,,,,,,,,,,,,,,,,
,ESD-261,[Thumbnails] Không thể chuyển sang board khác trong thumbnails,School,Bug,High,Chưa thực hiện,18/09/2025,,,Hằng,Quang,,,,,,,,,,,,,,,,,
,ESD-262,[Upload] Không upload được file,School,Bug,High,Chưa thực hiện,18/09/2025,,,Hằng,Quang,,,,,,,,,,,,,,,,,
,ESD-263,"[Draw] Sau khi vẽ nhanh liên tục nhiều nét, sau đó vẽ thì không hiện lên màn hình HS",School,Bug,Medium,Chưa thực hiện,18/09/2025,,,Hằng,Quang,,,,,,,,,,,,,,,,,
,ESD-264,[Transfer file] Không thể chuyển file cho HS,School,Bug,High,Chưa thực hiện,18/09/2025,,,Hằng,Quang,,,,,,,,,,,,,,,,,
,ESD-265,[Divide] GV join nhóm nhưng không thấy nét vẽ trước đó của HS,School,Bug,High,Chưa thực hiện,18/09/2025,,,Hằng,Quang,,,,,,,,,,,,,,,,,
,ESD-266,[Divide] Màn hình nhóm hiện nét vẽ cũ của lần chia nhóm trước mỗi lần HS vẽ,School,Bug,High,Chưa thực hiện,22/09/2025,,,Hằng,Quang,,,,,,,,,,,,,,,,,
,ESD-267,Màn hình trắng khi thoát lớp sau khi bật slide/game/bài tập,School,Bug,Highest,Chưa thực hiện,22/09/2025,,,,,,,,,,,,,,,,,,,,,
,ESD-268,[Slide/Game/Bài tập] - Học sinh gửi kết quả nhưng bảng thống kê của giáo viên không cập nhật điểm,School,Bug,Highest,Chưa thực hiện,22/09/2025,,,,,,,,,,,,,,,,,,,,,